{"accelBiasX":267.8575744628906,"accelBiasY":1398.1800537109375,"accelBiasZ":-1954.8994140625,"gyroBiasX":217.19586181640625,"gyroBiasY":57.19297790527344,"gyroBiasZ":-92.6285629272461,"magBiasX":284.0,"magBiasY":986.0,"magBiasZ":-281.08221435546875,"magScaleX":1,"magScaleY":1,"magScaleZ":1}